id,title,score,num_comments,author,created_utc,url,over_18,edited,spoiler,stickied
1gz4odf,How many days a week do you go into the office as a DE?,27,62,Ok_Discipline3753,2024-11-24 23:24:39,https://www.reddit.com/r/dataengineering/comments/1gz4odf/how_many_days_a_week_do_you_go_into_the_office_as/,False,False,False,False
1gym1x5,New data engineer any tips ?,20,24,Direct_Boat_2220,2024-11-24 08:08:25,https://www.reddit.com/r/dataengineering/comments/1gym1x5/new_data_engineer_any_tips/,False,False,False,False
1gyvqal,DBT Test Notifications in Slack,18,13,biga410,2024-11-24 17:03:16,https://www.reddit.com/r/dataengineering/comments/1gyvqal/dbt_test_notifications_in_slack/,False,False,False,False
1gysbly,I heard DE Masters are a thing. Are there PhD too?,12,27,davf135,2024-11-24 14:36:02,https://www.reddit.com/r/dataengineering/comments/1gysbly/i_heard_de_masters_are_a_thing_are_there_phd_too/,False,False,False,False
1gz6m6l,Redshift to Snowflake Migration,9,12,Temporary_Bat_4507,2024-11-25 00:56:21,https://www.reddit.com/r/dataengineering/comments/1gz6m6l/redshift_to_snowflake_migration/,False,False,False,False
1gyoe2n,Is there a use of a service that can convert unstructured notes to structured data?,5,12,Intelligent_Low_5964,2024-11-24 10:52:36,https://www.reddit.com/r/dataengineering/comments/1gyoe2n/is_there_a_use_of_a_service_that_can_convert/,False,False,False,False
1gymwoc,Looking for a migration tool,5,15,opascal,2024-11-24 09:11:06,https://www.reddit.com/r/dataengineering/comments/1gymwoc/looking_for_a_migration_tool/,False,False,False,False
1gz9q6z,"Books to Start, Grow, or Deepen Your Knowledge as a Data Engineer",16,4,IvanLNR,2024-11-25 03:37:03,https://www.reddit.com/r/dataengineering/comments/1gz9q6z/books_to_start_grow_or_deepen_your_knowledge_as_a/,False,False,False,False
1gypdnr,Use BigQuery as Data Lake for pure CSV/TSV/JSON files?,5,5,scchess,2024-11-24 11:57:41,https://www.reddit.com/r/dataengineering/comments/1gypdnr/use_bigquery_as_data_lake_for_pure_csvtsvjson/,False,False,False,False
1gz30ds,Need advice,2,7,InternalMenace31,2024-11-24 22:09:39,https://www.reddit.com/r/dataengineering/comments/1gz30ds/need_advice/,False,False,False,False
1gz3f3p,Database design help,2,4,Henry2throw,2024-11-24 22:27:24,https://i.redd.it/nepkxmb2ex2e1.jpeg,False,False,False,False
1gyqjos,Resources for Data project management,1,2,_SanD_,2024-11-24 13:06:49,https://www.reddit.com/r/dataengineering/comments/1gyqjos/resources_for_data_project_management/,False,False,False,False
1gz1wpo,Which Internship is the better option?,0,2,Altruistic-Beat-7249,2024-11-24 21:22:09,https://www.reddit.com/r/dataengineering/comments/1gz1wpo/which_internship_is_the_better_option/,False,False,False,False
